0,1,2,3,4,5,6,7,8,9,10,11,12,13,14,15,16,17,18,19,20,21,22,23,24,25,26,27,28,29,30,31
ambivalence,goad,apprise,artless,austere,aver,belie,beneficent,aesthetic,contrite,default,delineate,partisan,plummet,gregarious,perennial,impede,aggregate,inadvertently,disparage,inundate,loquacious,prodigal,supersede,oscillate,porous,foment,profound,qualified,recant,substantiate,vacillate
,emulate,,,,,,,transgression,,flag,,hyperbole,embellish,,fledgling,resolve,apathy,,onerous,,,platitude,rescind,,,subside,wary,,,,
,subpoena,,,,,,,strut,,document,,mendacious,stigma,,refractory,,metamorphosis,,viscous,,,paragon,refute,,,converge,volatile,,,,
,dismiss,,,,,,,fallacious,,viable,,erudite,forestall,,permeable,,spectrum,,disjointed,,,reprobate,impair,,,stint,problematic,,,,
,discredit,,,,,,,boorish,,log,,disingenuous,equivocate,,plasticity,,preamble,,analogous,,,reproach,facilitate,,,contention,ambiguous,,,,
,relegate,,,,,,,pristine,,resolution,,facetious,flout,,pervasive,,implicit,,arduous,,,recluse,alleviate,,,coda,whimsical,,,,
,denigrate,,,,,,,compliant,,,,gullible,exacerbate,,commensurate,,autonomous,,quibble,,,precarious,incorporate,,,catalyst,pragmatic,,,,
,confound,,,,,,,tortuous,,,,craven,engender,,dogmatic,,elegy,,innocuous,,,penchant,enhance,,,welter,appropriate,,,,
,gouge,,,,,,,deterrent,,,,reticent,satiate,,probity,,dissonance,,inconsequential,,,zealot,condone,,,daunt,,,,,
,bolster,,,,,,,connoisseur,,,,convoluted,recalcitrant,,chicanery,,empirical,,futile,,,misanthrope,negate,,,fervor,,,,,
,placate,,,,,,,derivative,,,,pedantic,assuage,,homogeneous,,tacit,,prohibitive,,,dormant,mitigate,,,abate,,,,,
,implode,,,,,,,caustic,,,,fatuous,distill,,idolatry,,dichotomy,,sporadic,,,disinterested,elicit,,,pate,,,,,
,saturate,,,,,,,unwarranted,,,,diatribe,proliferate,,diverge,,discrepancy,,discerning,,,discrete,inherent,,,implacable,,,,,
,appease,,,,,,,bombastic,,,,ostentatious,approbation,,propensity,,,,insipid,,,dirge,deride,,,shard,,,,,
,divest,,,,,,,ephemeral,,,,fawning,buttress,,piety,,,,mundane,,,digression,insinuate,,,secrete,,,,,
,repudiate,,,,,,,deference,,,,presumptuous,disseminate,,cogent,,,,intractable,,,diffuse,,,,savor,,,,,
,sanction,,,,,,,contentious,,,,conundrum,,,invective,,,,,,,supposition,,,,levee,,,,,
,,,,,,,,meticulous,,,,tenuous,,,antipathy,,,,,,,decorum,,,,lucid,,,,,
,,,,,,,,immutable,,,,,,,discordant,,,,,,,tirade,,,,luminous,,,,,
,,,,,,,,audacious,,,,,,,pungent,,,,,,,compendium,,,,maverick,,,,,
,,,,,,,,impervious,,,,,,,efficacy,,,,,,,banal,,,,precursor,,,,,
,,,,,,,,specious,,,,,,,admonish,,,,,,,verbose,,,,,,,,,
,,,,,,,,neophyte,,,,,,,plethora,,,,,,,anarchy,,,,,,,,,
,,,,,,,,indeterminate,,,,,,,malleable,,,,,,,abscond,,,,,,,,,
,,,,,,,,latent,,,,,,,dissolution,,,,,,,aberrant,,,,,,,,,
,,,,,,,,capricious,,,,,,,ascetic,,,,,,,dupe,,,,,,,,,
,,,,,,,,magnanimity,,,,,,,disparate,,,,,,,morose,,,,,,,,,
,,,,,,,,,,,,,,,alacrity,,,,,,,ebullient,,,,,,,,,
,,,,,,,,,,,,,,,endemic,,,,,,,eulogy,,,,,,,,,
,,,,,,,,,,,,,,,anachronism,,,,,,,levity,,,,,,,,,
,,,,,,,,,,,,,,,propriety,,,,,,,lethargic,,,,,,,,,
,,,,,,,,,,,,,,,esoteric,,,,,,,laud,,,,,,,,,
,,,,,,,,,,,,,,,anomalous,,,,,,,lassitude,,,,,,,,,
,,,,,,,,,,,,,,,euphemism,,,,,,,itinerary,,,,,,,,,
,,,,,,,,,,,,,,,precipitate,,,,,,,eclectic,,,,,,,,,
,,,,,,,,,,,,,,,pathological,,,,,,,sage,,,,,,,,,
,,,,,,,,,,,,,,,ameliorate,,,,,,,irascible,,,,,,,,,
,,,,,,,,,,,,,,,skeptic,,,,,,,inert,,,,,,,,,
,,,,,,,,,,,,,,,,,,,,,,indolent,,,,,,,,,
,,,,,,,,,,,,,,,,,,,,,,imperturbable,,,,,,,,,
,,,,,,,,,,,,,,,,,,,,,,impermeable,,,,,,,,,
,,,,,,,,,,,,,,,,,,,,,,frugality,,,,,,,,,
,,,,,,,,,,,,,,,,,,,,,,equanimity,,,,,,,,,
,,,,,,,,,,,,,,,,,,,,,,insensible,,,,,,,,,
,,,,,,,,,,,,,,,,,,,,,,reverent,,,,,,,,,
