0,1,2,3,4,5,6,7,8,9,10,11,12,13,14,15,16,17,18,19,20,21,22
aggregate,ambivalence,attenuate,discrete,burgeon,lethargic,diatribe,equivocate,maverick,goad,subside,impermeable,discordant,disseminate,artless,levee,tacit,assuage,anarchy,viable,prohibitive,propriety,propitiate
,apathy,alleviate,implicit,,craven,harangue,,erudite,garrulous,hyperbole,permeable,discrepancy,enhance,obdurate,,plummet,mollify,paucity,inadvertently,,probity,insinuate
,antipathy,exacerbate,indeterminate,,coda,tirade,,esoteric,shard,anachronism,impervious,incongruity,resolution,pristine,,supersede,placate,welter,document,,piety,disabuse
,stigma,foment,plasticity,,tortuous,invective,,elegy,skeptic,chicanery,,quibble,emulate,audacious,,burnish,appease,conundrum,arduous,,decorum,implode
,profound,ameliorate,inert,,desultory,eulogy,,eclectic,frugality,specious,,dichotomy,autonomous,lassitude,,preamble,recalcitrant,proliferate,appropriate,,opprobrium,abscond
,magnanimity,indigence,derivative,,torpor,vituperative,,dogmatic,solicitous,disingenuous,,inherent,incorporate,coagulate,,precipitate,conciliatory,compendium,volatile,,,venerate
,deference,mitigate,immutable,,perfunctory,,,ascetic,loquacious,fervor,,insularity,log,luminous,,unwarranted,,disparate,ephemeral,,,apprise
,intransigence,,diffuse,,exigency,,,assiduous,felicitous,presumptuous,,penury,facilitate,pungent,,buttress,,fledgling,tractable,,,inundate
,diffidence,,precursor,,stint,,,iconoclastic,fawning,fallacious,,gouge,sage,platitude,,sanction,,plethora,intractable,,,exculpate
,,,converge,,quiescent,,,meticulous,stolid,partisan,,dissonance,divest,pate,,subpoena,,,dormant,,,idolatry
,,,homogeneous,,sporadic,,,discerning,striate,facetious,,equanimity,flag,mendacious,,rescind,,,efficacy,,,occlude
,,,empirical,,futile,,,recluse,verbose,reproach,,abeyance,aesthetic,boorish,,repudiate,,,ambiguous,,,amalgamate
,,,dissolution,,cacophonous,,,digression,misanthrope,penchant,,supposition,distill,bombastic,,refute,,,wary,,,admonish
,,,viscous,,metamorphosis,,,pedantic,malingerer,levity,,vacillate,,banal,,saturate,,,tenuous,,,adulterate
,,,diverge,,,,,caustic,reverent,euphemism,,truculence,,ostentatious,,aver,,,capricious,,,strut
,,,spectrum,,,,,austere,gregarious,extrapolation,,,,indolent,,savor,,,resolve,,,relegate
,,,anomalous,,,,,implacable,irascible,inured,,,,disinterested,,substantiate,,,problematic,,,deride
,,,analogous,,,,,connoisseur,officious,,,,,disjointed,,recant,,,mundane,,,
,,,alacrity,,,,,cogent,paragon,,,,,soporific,,belie,,,precarious,,,
,,,tangential,,,,,lucid,irresolute,,,,,whimsical,,proscribe,,,qualified,,,
,,,,,,,,laud,perfidious,,,,,approbation,,salubrious,,,malleable,,,
,,,,,,,,,ingenuous,,,,,transgression,,bolster,,,pragmatic,,,
,,,,,,,,,phlegmatic,,,,,dupe,,stipulate,,,contention,,,
,,,,,,,,,prodigal,,,,,distend,,prevaricate,,,contentious,,,
,,,,,,,,,obsequious,,,,,fatuous,,secrete,,,compliant,,,
,,,,,,,,,rarefied,,,,,inconsequential,,engender,,,porous,,,
,,,,,,,,,itinerary,,,,,inchoate,,oscillate,,,refractory,,,
,,,,,,,,,laconic,,,,,grandiloquent,,abate,,,onerous,,,
,,,,,,,,,recondite,,,,,dirge,,forestall,,,endemic,,,
,,,,,,,,,imperturbable,,,,,effrontery,,gainsay,,,default,,,
,,,,,,,,,reprobate,,,,,insipid,,dissemble,,,catalyst,,,
,,,,,,,,,impassive,,,,,innocuous,,disparage,,,perennial,,,
,,,,,,,,,reticent,,,,,insensible,,condone,,,pervasive,,,
,,,,,,,,,neophyte,,,,,aberrant,,confound,,,pathological,,,
,,,,,,,,,morose,,,,,satiate,,flout,,,convoluted,,,
,,,,,,,,,guileless,,,,,,,dismiss,,,propensity,,,
,,,,,,,,,gullible,,,,,,,impede,,,,,,
,,,,,,,,,zealot,,,,,,,daunt,,,,,,
,,,,,,,,,castigation,,,,,,,discredit,,,,,,
,,,,,,,,,complaisant,,,,,,,latent,,,,,,
,,,,,,,,,beneficent,,,,,,,delineate,,,,,,
,,,,,,,,,abstemious,,,,,,,denigrate,,,,,,
,,,,,,,,,ebullient,,,,,,,impair,,,,,,
,,,,,,,,,contrite,,,,,,,negate,,,,,,
,,,,,,,,,,,,,,,,deterrent,,,,,,
,,,,,,,,,,,,,,,,obviate,,,,,,
,,,,,,,,,,,,,,,,embellish,,,,,,
,,,,,,,,,,,,,,,,elicit,,,,,,
,,,,,,,,,,,,,,,,commensurate,,,,,,
